{
  "frog": {
    "total_steps": 263,
    "caught_flies": 9,
    "success_rate": 0.034220532319391636,
    "final_energy": 29.99519999999999,
    "final_biological_energy": 0.98779,
    "avg_dopamine": 0.8545967692889198,
    "is_juvenile": true,
    "juvenile_age": 263
  },
  "step_count": 263,
  "caught_count": 3,
  "timestamp": "2026-04-11T20:26:12"
}